;0;0;0;0;0;0;0;0;0;0
0;291.28;291.28;291.28;291.28;291.28;291.28;291.28;291.28;291.28;291.28
1;276.13;276.13;276.13;276.13;266.26;280.35;270.06;282.53;270.06;287.07
2;264.22;262.71;272.44;264.22;258.27;264.22;262.71;267.44;253.98;274.15
3;257.3;255.38;265.3;257.21;251.39;257.12;256.01;260.33;247.51;266.97
4;250.64;249.35;256.67;250.55;244.34;248.7;251.76;252.97;241.19;262.15
5;243.91;245.23;250.62;240.36;237.79;242.03;248.82;239.81;236.91;256.56
6;238.61;241.9;246.19;234.16;233.45;236.78;243.4;235.09;237.47;252.53
7;231.82;236.34;239.74;228.91;233.2;228.7;235.71;228.46;230.75;245.05
8;224.99;230.8;233.6;224.18;234.21;226.67;233.7;225.05;225.64;240.0
9;219.43;229.11;229.92;222.52;231.83;225.2;229.26;223.46;222.18;237.82
10;215.99;226.24;227.99;218.8;230.31;223.77;226.43;221.43;220.36;234.07
11;210.5;224.3;226.03;213.87;223.51;222.75;223.73;217.17;217.87;230.8
12;206.61;223.09;224.5;212.26;221.1;221.13;222.73;215.96;216.59;230.47
13;205.65;219.8;222.38;208.32;219.39;217.69;220.12;214.48;215.62;230.59
14;198.27;219.42;220.38;206.82;219.4;215.82;218.84;213.51;213.83;228.14
15;196.1;216.81;218.95;205.31;217.97;213.26;217.78;212.4;209.69;227.6
16;195.49;214.89;218.0;203.52;217.32;210.86;218.27;210.6;206.33;223.3
17;193.93;212.52;217.48;202.34;217.25;209.04;217.68;207.29;202.33;221.16
18;192.82;211.18;216.38;201.53;215.53;207.6;216.58;205.5;197.04;215.42
19;191.89;210.18;213.9;200.58;214.38;206.19;216.43;205.07;192.69;211.6
20;189.57;208.54;213.07;199.74;208.56;205.39;216.01;202.57;191.38;210.14
21;187.37;208.21;209.08;198.67;206.08;204.7;214.46;201.68;189.72;207.81
22;185.64;204.31;207.57;196.94;205.99;203.81;214.0;201.89;187.15;206.71
23;184.09;203.41;206.68;195.72;202.95;203.05;212.75;200.85;186.28;202.27
24;182.72;203.17;205.43;193.58;199.95;199.18;211.97;200.23;185.12;199.1
25;179.34;203.19;204.03;192.97;199.14;198.54;210.41;200.17;183.16;197.95
26;176.03;200.4;203.42;192.14;198.82;194.82;207.56;199.19;182.57;194.43
27;174.56;199.49;202.49;190.58;198.44;190.77;206.62;198.76;181.66;191.94
28;173.47;198.05;201.91;189.35;197.8;188.22;203.48;195.13;181.1;190.85
29;172.33;197.12;201.07;188.34;195.78;185.14;202.48;190.23;178.69;189.98
30;171.07;195.56;200.32;183.04;194.62;182.35;201.79;187.62;177.22;189.51
31;170.05;193.64;199.93;181.85;194.25;181.95;201.39;186.68;176.68;188.86
32;168.18;193.08;198.93;178.26;193.52;178.57;199.34;185.68;175.91;188.77
33;167.6;192.31;198.35;176.98;192.49;177.79;198.63;185.03;173.96;188.88
34;167.1;191.99;197.84;176.26;191.93;177.14;197.86;182.96;170.54;186.62
35;166.03;191.87;197.51;175.34;191.39;176.43;197.49;180.9;164.58;185.99
36;165.69;191.26;196.81;174.63;190.45;175.39;196.75;179.77;162.79;183.34
37;165.39;190.99;196.59;170.69;187.03;172.72;194.94;179.59;161.24;181.29
38;163.16;190.89;196.17;170.13;185.89;172.3;193.95;179.09;160.04;178.25
39;162.37;190.25;195.4;167.4;185.06;171.55;192.34;178.26;157.08;177.31
40;161.77;190.18;195.26;164.8;184.23;171.23;192.0;177.65;156.39;175.55
41;160.08;190.36;195.47;164.16;181.12;169.27;191.37;177.21;155.99;174.81
42;159.59;186.91;195.16;161.95;180.47;166.57;191.15;176.47;155.4;173.42
43;158.27;184.19;195.14;160.15;180.05;164.28;189.85;172.41;153.1;172.76
44;157.34;182.01;192.54;158.82;178.11;163.21;188.58;171.6;151.99;172.1
45;154.97;181.25;190.57;156.49;176.46;158.63;187.55;168.99;151.68;172.0
46;153.9;180.72;189.0;153.26;175.62;157.12;186.62;168.37;150.72;170.26
47;153.01;175.41;188.38;150.43;174.69;156.08;185.88;165.74;151.07;168.25
48;151.81;173.25;187.84;148.4;170.93;155.43;183.65;164.02;150.48;166.55
49;151.58;172.25;187.4;147.74;170.29;154.62;183.06;161.91;148.17;164.8
50;149.2;169.2;179.77;147.22;167.25;154.08;182.55;161.41;147.5;164.09
51;146.55;168.54;176.93;146.7;164.5;149.87;181.24;160.06;145.86;161.98
52;144.91;167.99;176.38;145.6;161.24;149.48;180.75;159.66;144.86;160.98
53;143.83;164.47;175.85;144.08;159.79;148.76;180.44;159.43;143.94;159.72
54;142.54;162.74;175.33;142.88;157.48;147.91;180.15;159.02;143.11;158.38
55;141.83;160.25;174.88;141.9;154.54;147.42;179.52;157.92;141.89;157.53
56;140.94;158.89;173.67;140.24;153.91;147.17;178.94;157.36;141.26;156.91
57;140.26;158.46;173.39;138.79;153.6;147.4;178.68;155.87;141.03;156.35
58;139.66;157.37;173.09;138.49;151.51;146.36;174.82;153.93;137.66;155.35
59;139.14;157.01;171.22;136.36;150.88;146.31;173.8;151.21;136.77;154.79
60;138.61;156.7;170.92;134.84;146.99;146.0;170.26;150.02;136.41;154.41
61;137.62;155.79;170.11;134.24;143.07;145.43;170.06;147.82;135.91;153.95
62;137.2;155.53;167.03;133.9;141.46;144.35;169.99;146.17;135.21;150.82
63;136.84;153.48;165.54;133.76;140.11;143.34;169.7;144.74;134.54;150.08
64;136.01;152.72;165.07;131.98;139.84;142.17;169.5;142.53;134.26;149.36
65;135.7;152.51;162.9;130.68;139.35;139.11;169.12;141.42;134.19;148.33
66;135.19;152.15;159.97;130.31;138.14;138.73;168.78;140.59;133.61;147.63
67;134.88;151.95;158.06;130.01;137.49;137.88;168.37;139.89;133.39;147.22
68;134.23;150.59;154.71;129.42;136.85;136.5;167.06;138.77;132.05;146.79
69;133.7;148.49;153.84;129.66;136.3;134.81;161.9;137.19;131.89;146.47
70;132.55;147.82;153.08;129.4;135.36;133.74;158.67;136.66;131.34;146.21
71;132.19;147.19;152.43;127.77;133.91;131.73;156.17;133.87;130.49;145.43
72;130.35;146.82;151.32;125.88;132.94;131.34;154.92;133.1;130.15;145.04
73;130.23;146.47;151.01;124.26;132.48;129.91;153.29;132.57;129.33;144.38
74;128.73;146.05;150.7;123.8;131.35;128.82;151.16;131.43;128.86;144.21
75;127.35;144.57;149.43;122.69;129.33;128.56;150.31;130.79;128.37;142.57
76;126.76;143.44;146.48;122.49;128.72;128.42;148.62;130.24;128.1;142.16
77;125.83;143.27;144.36;121.86;127.29;127.29;147.1;129.57;127.25;141.6
78;125.67;142.18;143.33;121.15;126.41;126.69;145.59;128.94;125.53;141.38
79;125.23;140.84;143.22;120.54;125.64;124.79;144.82;128.57;123.02;140.89
80;123.73;140.21;141.76;120.34;124.9;124.48;143.28;127.12;122.88;139.44
81;122.66;138.94;141.01;120.14;124.27;123.7;142.69;126.9;122.43;139.12
82;121.84;138.78;140.84;119.2;123.58;122.82;142.24;126.4;122.16;138.93
83;121.51;138.64;138.56;118.84;123.26;122.22;141.84;124.44;121.47;138.51
84;121.36;138.51;136.46;118.69;122.98;121.29;141.52;122.19;120.1;137.58
85;121.25;136.28;134.55;118.19;122.45;120.46;140.29;121.11;119.5;137.21
86;120.47;136.15;134.09;117.75;120.79;118.62;140.02;120.27;119.3;136.87
87;119.72;135.37;132.24;116.73;120.55;117.79;137.51;118.68;118.99;135.58
88;119.6;135.45;131.89;116.34;120.44;116.62;136.57;117.86;117.5;134.49
89;117.88;135.19;129.64;116.0;119.36;115.87;134.71;117.12;117.2;133.94
90;117.65;134.4;128.55;115.29;118.1;115.24;134.48;116.23;117.05;133.87
91;117.37;132.4;127.95;114.49;117.87;114.72;133.27;115.81;115.84;133.67
92;116.99;129.04;127.04;114.18;117.27;114.48;133.07;114.32;114.91;133.58
93;116.07;128.45;125.78;113.53;116.98;114.03;132.16;112.9;113.75;132.95
94;115.73;127.83;124.64;112.94;116.75;113.8;130.74;112.49;113.59;132.42
95;115.48;126.16;123.92;112.66;116.31;113.6;130.58;112.12;113.38;131.61
96;115.17;125.62;123.22;110.52;115.98;113.2;130.43;111.79;113.24;131.41
97;115.04;124.39;122.83;109.71;115.59;113.01;129.05;110.52;113.13;131.29
98;114.76;123.57;122.0;109.09;114.59;112.65;128.86;109.95;113.02;130.97
99;113.57;121.64;121.06;108.94;114.25;112.5;127.99;109.66;112.84;129.87
100;113.33;120.29;120.63;108.84;113.89;112.19;127.86;109.41;112.47;128.99
101;112.0;119.78;120.14;108.28;113.49;112.01;127.73;109.16;112.34;128.48
102;111.54;119.26;119.92;107.79;113.14;111.41;127.22;108.95;112.28;128.21
103;111.34;118.12;119.34;107.24;112.87;111.07;127.11;108.49;110.0;127.81
104;110.79;117.73;118.91;107.13;112.12;110.83;126.48;107.95;109.46;127.46
105;110.16;116.74;118.21;105.84;111.7;110.69;124.77;107.62;109.32;126.46
106;109.04;116.26;117.64;105.62;111.5;110.2;123.58;106.4;107.99;125.68
107;108.17;116.2;117.28;105.19;111.27;109.8;122.64;106.05;107.61;125.55
108;107.46;115.33;116.58;105.02;110.95;109.57;122.31;105.85;107.29;122.11
109;107.36;115.18;116.11;105.08;110.51;109.46;120.89;104.87;106.91;121.42
110;106.74;114.44;115.85;105.02;110.03;109.33;120.21;104.5;106.82;118.32
111;106.29;114.21;115.54;104.88;109.73;108.97;119.33;104.19;106.4;117.08
112;106.1;113.54;115.2;104.75;109.25;108.67;118.66;103.75;106.03;116.58
113;105.68;113.04;114.83;104.54;108.91;108.34;118.19;103.48;105.28;116.19
114;105.32;112.27;113.57;104.28;107.92;108.01;117.49;103.31;104.76;115.36
115;103.7;111.96;112.44;104.03;107.62;107.79;116.93;103.28;104.9;113.36
116;103.56;111.61;112.1;102.91;106.58;107.0;115.56;102.52;103.82;113.04
117;103.23;111.53;111.18;102.84;105.84;106.71;115.2;101.8;103.17;112.34
118;102.89;111.12;110.52;102.03;105.45;106.32;113.91;101.22;103.0;111.59
119;102.33;111.02;110.38;100.72;104.88;105.18;113.35;100.91;102.22;111.33
120;102.27;110.36;109.71;100.49;104.36;104.82;112.44;100.42;101.61;111.02
121;102.01;110.55;108.71;99.88;103.76;104.5;111.67;100.14;101.03;110.57
122;101.84;110.26;107.96;99.69;103.56;103.1;111.02;98.95;100.22;109.88
123;101.4;110.22;107.09;99.6;103.41;102.03;110.55;98.54;100.09;109.29
124;101.19;110.07;106.68;99.35;103.04;101.24;110.14;98.02;99.77;108.69
125;100.99;108.29;106.02;99.21;100.33;101.02;109.96;97.49;99.06;108.35
126;100.81;108.11;104.81;98.98;99.6;100.87;109.73;97.27;98.03;106.21
127;100.28;108.0;103.44;98.92;99.39;100.7;109.41;97.08;97.4;106.02
128;100.11;107.69;103.07;98.45;99.23;100.15;107.28;95.79;97.15;105.28
129;99.41;107.46;102.55;98.42;98.54;99.34;106.38;95.51;96.97;105.11
130;99.13;107.05;102.04;98.29;98.4;99.08;105.37;95.25;96.06;104.8
131;97.95;106.03;101.52;98.26;97.17;98.96;104.88;95.03;95.9;104.59
132;97.8;104.41;101.37;97.67;97.04;98.77;104.45;94.84;95.44;104.21
133;97.54;104.33;101.06;96.53;96.86;98.54;104.07;94.81;95.4;103.79
134;97.38;104.26;100.74;96.08;96.69;98.31;103.74;94.64;95.25;103.17
135;96.54;104.02;100.32;95.93;96.2;98.14;103.45;94.48;94.94;102.7
136;95.9;103.82;100.03;95.53;95.68;97.62;103.18;94.35;94.74;102.26
137;95.39;103.5;99.78;95.4;95.53;97.53;102.55;94.22;94.16;101.8
138;94.41;103.35;99.63;95.04;95.38;97.18;102.41;93.42;93.93;101.32
139;94.0;103.28;99.54;94.94;94.68;96.2;102.15;93.31;93.66;100.67
140;93.73;103.07;99.39;94.8;94.14;95.44;101.33;93.2;93.44;99.83
141;92.55;102.89;98.87;94.39;93.66;95.01;100.34;92.61;92.72;98.91
142;92.05;102.83;98.75;94.31;93.53;94.52;99.31;92.43;92.46;98.48
143;90.83;102.69;98.56;93.73;93.1;93.99;97.73;92.33;92.24;98.2
144;90.26;102.62;98.33;93.54;92.94;93.65;97.48;92.05;91.53;97.9
145;89.42;101.75;96.49;93.28;92.73;93.34;97.33;91.74;91.29;97.62
146;87.92;101.55;95.67;93.03;92.57;93.09;96.67;91.48;91.1;96.48
147;87.36;101.25;94.19;92.74;92.3;92.73;95.93;91.35;90.89;95.82
148;87.07;101.02;93.86;92.57;92.1;92.49;95.46;91.1;90.69;95.56
149;86.64;100.67;93.65;92.07;91.61;92.34;95.12;90.93;90.51;94.64
150;86.33;100.52;93.37;91.87;91.38;91.86;94.47;90.69;90.35;94.21
151;86.15;99.79;93.12;91.63;90.34;91.4;93.41;90.53;90.2;92.58
152;85.37;99.21;92.75;91.5;90.24;90.8;93.17;90.31;90.05;92.36
153;85.07;98.54;92.24;90.44;90.12;90.71;91.87;90.1;90.29;92.15
154;84.6;98.11;91.72;90.26;89.98;90.46;91.81;89.94;90.13;91.8
155;84.4;96.75;91.42;90.06;89.38;90.37;91.5;89.82;89.97;91.52
156;84.1;96.31;91.14;89.9;89.25;90.08;91.11;89.63;89.84;90.49
157;83.39;95.99;91.1;89.74;88.66;89.98;90.71;89.39;89.7;90.21
158;83.17;94.69;90.71;89.07;88.34;89.8;89.89;89.21;89.65;89.96
159;82.73;94.33;90.27;88.1;87.93;89.66;89.78;89.03;89.52;88.92
160;82.3;93.76;90.0;87.31;86.62;89.38;89.61;88.95;89.4;88.72
161;82.01;92.96;89.9;86.26;85.66;89.21;89.03;88.9;89.28;88.54
162;81.76;92.66;89.53;85.34;85.36;88.32;88.91;88.78;89.13;87.1
163;81.27;92.34;88.34;84.59;85.13;87.79;88.21;88.66;88.15;86.92
164;80.79;92.19;87.57;84.01;84.79;87.63;88.05;88.59;88.04;86.49
165;80.27;91.99;87.34;83.08;84.28;87.29;87.9;88.51;87.68;85.89
166;79.89;91.31;87.14;82.61;83.86;87.14;87.81;88.29;87.6;85.48
167;79.77;91.15;86.56;82.24;83.47;87.02;87.49;87.2;87.47;84.58
168;79.55;90.87;86.31;81.95;83.19;86.48;86.05;86.38;86.19;84.32
169;79.28;90.64;86.14;81.45;83.02;86.08;86.11;85.96;85.79;84.19
170;79.19;89.81;84.87;80.85;82.87;85.57;85.77;85.47;85.56;83.81
171;78.97;89.4;84.42;80.13;82.77;84.86;84.98;85.39;85.45;83.5
172;78.86;89.09;83.7;80.01;82.52;84.53;85.06;85.33;85.13;82.84
173;78.73;88.77;83.56;79.62;82.2;84.35;84.56;84.55;84.66;82.7
174;78.6;88.59;83.26;79.25;81.92;84.26;84.27;83.83;84.47;82.3
175;78.6;88.29;83.11;79.15;81.68;84.11;83.55;83.52;84.33;81.91
176;78.48;88.1;82.9;78.88;81.49;83.81;82.83;83.11;83.95;81.79
177;78.37;87.7;82.87;78.37;81.29;83.55;82.65;82.9;83.79;81.2
178;78.42;87.53;82.57;78.14;81.13;83.3;82.16;82.7;83.52;80.84
179;78.41;87.42;82.42;77.91;80.92;83.09;81.55;82.57;83.37;80.56
180;78.23;87.26;81.71;77.81;80.77;82.99;80.88;82.35;83.22;80.33
181;78.1;87.12;81.58;77.58;80.64;82.85;80.86;82.23;83.11;80.1
182;78.06;86.99;81.26;77.36;80.45;82.47;80.66;81.55;82.99;79.64
183;78.02;86.48;80.3;77.06;80.23;82.3;80.48;81.07;82.59;78.27
184;77.94;86.18;80.19;76.81;80.1;82.02;80.26;80.93;82.18;78.25
185;77.96;84.98;79.96;76.69;80.14;81.75;80.17;80.8;82.06;77.66
186;77.73;84.63;79.86;76.49;80.06;81.32;80.02;80.65;82.0;77.44
187;77.57;84.41;79.25;76.24;79.95;80.98;79.83;80.41;81.92;77.36
188;77.4;83.23;78.65;75.83;79.32;80.85;79.5;80.05;81.8;77.22
189;77.22;82.49;78.65;75.67;79.11;80.76;79.39;79.22;81.73;77.11
190;77.01;82.2;78.52;75.4;79.01;80.38;78.94;79.01;81.65;76.44
191;76.64;81.94;77.59;74.65;78.92;80.28;78.79;78.92;81.59;76.29
192;76.52;81.7;77.41;74.26;78.85;80.11;78.09;78.74;81.33;76.16
193;76.41;81.49;77.18;73.75;78.69;79.96;77.96;78.63;81.27;75.86
194;76.21;81.36;77.03;73.49;78.56;79.79;77.86;78.51;80.95;75.79
195;75.83;81.3;76.37;72.77;78.49;79.71;77.77;78.32;80.9;74.95
196;75.7;81.3;76.29;72.41;78.48;79.63;77.69;78.19;80.83;74.59
197;75.47;80.84;76.19;72.12;78.35;79.44;77.62;78.22;80.66;74.19
198;75.28;80.72;75.99;72.03;78.36;79.35;77.22;78.1;80.61;74.06
199;74.52;79.87;75.86;71.3;78.21;79.21;77.14;77.95;80.52;73.97
200;74.33;79.81;75.79;71.09;78.15;79.14;77.07;77.83;80.47;73.65
201;74.14;79.69;75.68;70.96;78.16;79.07;76.96;77.48;80.43;73.35
202;73.79;79.4;75.52;70.84;78.03;78.96;76.85;77.42;80.22;73.32
203;73.62;78.91;75.45;70.8;77.9;78.72;76.73;77.29;80.15;73.18
204;73.54;78.69;75.41;70.7;77.22;78.59;76.65;77.13;80.13;73.08
205;73.23;78.47;75.38;70.42;77.16;78.38;76.54;77.0;80.07;72.99
206;73.23;78.28;75.28;70.27;77.08;78.25;75.92;76.84;79.92;72.91
207;73.15;78.08;74.11;70.14;76.86;78.06;75.48;76.75;79.89;72.52
208;72.92;77.31;73.55;70.06;76.8;77.68;74.95;76.64;79.8;72.45
209;72.71;76.63;73.39;69.99;76.75;77.57;74.45;76.54;79.77;72.39
210;72.27;76.33;73.33;69.73;76.63;77.46;73.78;76.39;79.72;72.33
211;71.84;76.15;73.26;69.32;76.55;77.22;73.79;76.46;79.68;71.63
212;71.66;76.01;73.08;69.15;76.51;77.13;73.65;76.12;79.63;71.48
213;71.41;75.86;73.11;68.91;76.46;76.05;73.67;75.99;79.46;71.34
214;71.28;75.61;73.05;68.51;76.39;75.96;73.41;75.29;79.28;71.11
215;71.41;75.43;72.96;68.36;76.29;75.82;73.22;75.12;78.87;71.0
216;71.01;75.3;72.81;68.22;76.11;75.45;73.18;74.94;78.57;70.93
217;70.89;75.42;72.25;68.13;75.91;75.37;73.23;74.82;78.27;70.84
218;70.8;75.27;72.03;67.82;75.84;74.09;73.14;74.73;77.97;70.69
219;70.58;75.08;71.56;67.71;75.87;74.06;72.84;74.63;77.85;70.26
220;70.59;75.03;71.23;67.69;75.67;73.88;72.56;74.53;77.49;70.2
221;70.38;74.96;70.98;67.47;75.49;73.72;72.32;74.48;77.26;70.12
222;70.38;74.8;70.85;67.37;75.45;72.86;71.44;74.39;76.48;70.06
223;70.29;74.67;70.8;67.34;75.48;72.68;71.36;74.29;76.38;69.96
224;69.96;74.58;70.64;67.25;75.44;72.67;71.13;74.19;76.15;69.62
225;69.92;74.41;70.45;67.22;75.14;72.52;70.82;74.11;76.06;69.15
226;69.68;73.79;70.27;66.89;74.33;72.39;70.47;74.02;75.97;68.63
227;69.51;73.58;69.87;66.61;73.85;71.88;70.37;73.94;75.65;68.55
228;69.39;72.96;69.76;66.43;73.38;71.76;69.62;73.91;75.54;68.46
229;69.42;72.95;69.76;66.19;72.76;71.65;69.38;73.82;75.46;68.3
230;69.41;72.39;69.25;66.05;72.45;71.29;69.17;73.72;75.28;68.25
231;69.32;72.29;68.84;65.93;72.03;71.21;69.02;73.64;74.98;68.16
232;69.28;72.01;68.73;65.77;71.9;70.62;68.85;73.57;74.91;67.97
233;69.21;71.82;68.65;65.59;71.8;70.17;68.67;73.48;74.79;67.82
234;69.19;71.63;68.3;65.07;71.43;70.09;68.49;73.43;74.4;67.67
235;69.15;71.54;68.03;64.93;70.84;69.94;68.12;73.37;74.25;67.62
236;68.97;71.48;67.91;64.88;70.57;69.81;68.02;73.29;73.97;67.58
237;68.89;71.28;67.62;64.69;70.27;69.45;67.91;73.03;73.82;67.42
238;68.61;71.23;67.39;64.62;70.14;69.52;67.79;72.79;73.54;67.32
239;68.53;71.08;67.29;64.44;70.07;69.29;67.6;72.59;72.52;67.17
240;68.5;71.06;67.3;64.32;69.69;69.22;67.5;72.46;72.33;67.04
241;68.26;70.95;67.21;64.22;69.47;69.11;67.39;72.32;72.14;66.6
242;68.2;70.95;67.03;64.02;68.83;69.0;67.29;72.27;71.88;66.43
243;67.95;70.91;67.0;63.97;68.76;68.93;67.11;72.18;71.6;66.28
244;67.85;70.8;66.88;63.88;68.54;68.83;67.01;72.09;71.26;66.21
245;67.73;70.66;66.78;63.82;68.45;68.69;66.87;71.96;70.88;65.78
246;67.68;70.22;66.57;63.61;68.36;68.4;66.72;71.9;70.73;65.43
247;67.65;69.88;66.49;63.28;67.97;68.34;66.69;71.85;70.26;65.34
248;67.35;69.73;66.24;63.23;67.9;68.27;66.71;71.78;70.2;65.21
249;67.31;69.19;65.87;63.16;67.69;67.93;66.66;71.73;70.11;65.14
250;67.23;69.05;65.33;62.55;67.7;67.48;66.53;71.67;70.06;64.99
251;67.14;68.6;65.19;62.3;67.69;67.18;66.42;71.6;69.8;64.86
252;67.02;68.51;65.0;61.65;67.61;67.07;66.29;71.5;69.61;64.77
253;66.85;68.35;64.75;61.45;67.62;66.64;66.17;71.12;69.49;64.64
254;66.66;67.91;64.59;61.42;67.56;66.34;66.07;71.07;69.35;64.49
255;66.53;67.58;64.5;61.39;67.5;66.07;65.87;71.01;69.21;64.39
256;66.51;67.4;64.39;61.41;67.31;65.76;65.64;70.61;68.91;64.29
257;66.48;67.25;64.26;61.29;67.29;65.51;65.44;70.43;68.78;64.0
258;66.46;67.12;64.11;61.12;67.16;65.33;65.34;69.8;68.54;63.85
259;66.5;66.87;63.87;61.02;66.96;64.97;65.22;69.43;68.24;63.81
260;66.44;66.52;63.81;60.84;66.9;64.77;65.13;68.87;68.14;63.82
261;66.39;66.44;63.45;60.72;66.86;63.92;64.76;68.56;67.9;63.74
262;66.31;66.09;63.35;60.26;66.72;63.79;64.68;68.22;67.73;63.48
263;66.21;65.91;62.97;60.14;66.58;63.7;64.61;68.18;67.54;63.42
264;66.23;65.88;62.64;60.03;66.5;63.45;64.36;68.09;67.46;63.35
265;66.21;65.71;62.32;59.94;66.45;63.08;64.19;67.82;67.36;63.21
266;66.21;65.59;61.91;59.66;66.42;63.0;64.04;67.49;67.26;63.1
267;66.17;65.51;61.81;59.55;66.2;62.93;63.87;67.43;67.11;62.48
268;66.15;65.46;61.58;59.56;66.15;62.73;63.81;67.37;67.18;62.44
269;66.03;65.32;61.22;59.58;66.1;62.71;63.48;66.76;67.13;62.4
270;65.95;64.39;61.07;59.53;66.09;62.78;63.31;66.55;67.15;62.31
271;65.99;64.01;61.02;59.49;66.0;62.75;62.57;66.15;67.1;62.06
272;65.99;63.34;60.78;59.51;65.95;62.41;62.42;66.1;67.06;62.02
273;65.95;63.05;60.73;59.38;65.94;61.47;62.31;66.01;67.02;61.8
274;65.98;62.73;60.63;59.28;65.91;61.32;62.2;65.74;66.93;61.69
275;65.94;62.51;60.57;59.13;65.8;61.15;61.86;65.69;66.86;61.63
276;65.96;62.36;60.26;59.02;65.65;61.05;61.76;65.66;66.77;61.51
277;65.83;62.13;60.16;58.88;65.6;60.85;61.51;65.6;66.75;61.43
278;65.83;61.92;60.07;58.51;65.27;60.78;61.42;65.55;66.76;61.14
279;65.81;61.83;59.6;58.25;65.12;60.73;61.33;65.52;66.68;60.99
280;65.82;61.73;59.41;58.06;65.14;60.61;61.26;65.44;66.59;60.8
281;65.79;61.65;59.28;57.92;64.6;60.45;61.21;65.41;66.55;60.72
282;65.67;61.39;59.02;57.82;64.56;60.36;61.13;65.36;66.59;60.56
283;65.37;61.14;58.85;57.58;64.52;60.25;61.04;65.32;66.41;60.36
284;65.28;61.05;58.71;57.36;64.5;59.67;60.98;65.31;66.31;60.29
285;65.25;60.95;58.58;57.26;64.47;59.56;60.97;65.14;66.15;60.2
286;65.2;60.88;58.49;57.12;64.43;59.1;60.91;65.03;66.02;60.0
287;65.02;60.77;58.4;56.99;64.23;58.58;60.84;64.92;65.81;59.88
288;64.87;60.54;58.32;56.9;64.23;58.45;60.79;64.83;65.73;59.67
289;64.84;60.25;58.24;56.73;64.2;58.24;60.65;64.77;65.67;59.6
290;64.83;59.66;58.2;56.65;64.21;58.19;60.64;64.42;65.61;59.47
291;64.81;59.58;58.08;56.59;64.18;58.09;60.59;64.39;65.18;59.25
292;64.31;59.52;57.99;56.52;63.98;57.99;60.58;64.33;64.91;58.95
293;63.62;59.47;57.9;56.4;63.98;57.69;60.51;63.95;64.74;58.58
294;62.85;59.41;57.85;56.23;63.85;57.53;60.45;63.9;64.36;58.46
295;62.66;59.37;57.66;56.16;63.81;56.99;60.49;63.8;63.92;58.38
296;62.06;59.33;57.63;56.07;63.81;56.49;60.45;63.77;63.84;58.28
297;61.99;59.28;57.55;56.0;63.63;56.3;60.43;63.72;63.37;58.03
298;61.28;59.1;57.4;55.87;63.53;56.2;60.44;63.67;63.23;57.96
299;61.17;59.03;57.4;55.81;63.47;55.9;60.36;63.55;62.84;57.6
300;61.07;58.98;57.31;55.61;63.37;55.73;60.32;63.48;62.71;57.5
301;60.45;58.93;57.3;55.53;63.17;55.54;60.29;63.0;62.42;57.39
302;60.36;58.89;57.26;55.48;62.74;54.69;60.22;62.73;62.31;57.29
303;60.27;58.82;57.24;55.37;62.57;54.75;60.17;62.71;61.96;57.18
304;60.14;58.62;57.21;55.32;61.93;54.63;60.08;62.61;61.7;57.05
305;60.05;58.5;57.15;55.28;61.68;54.55;59.95;62.43;61.34;56.98
306;59.77;58.44;57.06;55.19;61.39;54.45;59.77;62.38;61.19;56.73
307;59.67;58.38;57.0;55.15;60.91;54.33;59.58;62.33;60.83;56.6
308;59.53;58.35;56.99;55.1;60.74;54.22;59.58;62.34;60.47;56.49
309;59.41;58.28;56.92;55.08;60.52;54.13;59.53;62.04;60.23;56.38
310;59.39;58.19;56.84;55.05;60.32;54.13;59.3;61.22;60.05;56.18
311;59.19;58.09;56.78;54.95;60.13;54.05;59.25;61.03;59.69;56.09
312;59.06;57.89;56.72;54.91;59.79;53.92;59.25;61.02;59.46;56.03
313;59.02;57.81;56.65;54.87;59.67;53.9;59.24;61.01;59.31;55.98
314;58.89;57.78;56.59;54.75;59.65;53.82;59.11;60.22;59.22;55.9
315;58.8;57.71;56.53;54.71;59.6;53.55;58.95;60.12;58.94;55.86
316;58.66;57.5;56.5;54.69;59.59;53.51;58.88;59.9;58.89;55.76
317;58.53;57.24;56.45;54.65;59.59;53.45;58.73;59.87;58.89;55.64
318;58.39;57.17;56.38;54.62;59.55;53.38;58.57;59.83;58.8;55.56
319;58.23;57.11;56.33;54.56;59.54;53.3;58.51;59.59;58.73;55.48
320;58.11;56.85;55.87;54.37;59.52;53.24;58.44;59.44;58.62;55.37
321;57.96;56.68;55.87;54.18;59.41;53.19;58.21;59.26;58.31;55.1
322;57.96;56.51;55.8;53.74;59.34;53.1;58.04;58.83;58.15;54.95
323;57.74;56.46;55.74;53.27;59.25;52.88;57.89;58.6;57.87;54.83
324;57.69;56.45;55.72;53.19;59.14;52.83;57.75;58.17;57.78;54.73
325;57.64;56.33;55.7;53.06;59.01;52.86;57.64;58.05;57.58;54.65
326;57.56;56.17;55.61;53.0;58.97;52.4;57.55;57.89;57.33;54.41
327;57.46;56.13;55.55;52.93;58.89;52.22;57.42;57.86;57.15;54.05
328;57.36;55.99;55.54;52.88;58.81;51.96;57.33;57.75;56.96;54.02
329;57.32;55.88;55.44;52.76;58.76;51.75;57.22;57.62;56.81;53.91
330;57.27;55.74;55.34;52.67;58.54;51.66;57.07;57.46;56.67;53.61
331;57.16;55.69;55.33;52.61;58.41;51.6;57.0;57.23;56.7;53.59
332;57.16;55.6;55.31;52.54;58.29;51.54;56.95;57.17;56.63;53.56
333;57.09;55.56;55.02;52.43;58.18;51.45;56.91;57.2;56.66;53.52
334;56.92;55.46;54.8;52.43;58.14;51.4;56.88;57.0;56.5;53.45
335;56.75;55.33;54.7;52.29;57.99;50.98;56.91;57.02;56.42;53.35
336;56.57;55.35;54.65;52.22;57.9;50.92;56.92;56.71;56.33;53.16
337;56.48;54.91;54.57;52.18;57.82;50.88;56.86;56.45;56.28;53.09
338;56.37;54.73;54.43;52.13;57.71;50.8;56.78;56.22;56.27;52.97
339;56.3;54.6;54.39;52.09;57.65;50.76;56.8;56.19;56.11;52.88
340;56.2;54.41;54.36;51.98;57.58;50.73;56.67;56.11;56.06;52.77
341;56.1;54.19;54.32;51.91;57.52;50.68;56.64;55.92;56.01;52.71
342;56.02;54.16;54.3;51.84;57.47;50.65;56.61;55.87;55.92;52.68
343;55.92;53.94;54.27;51.81;57.41;50.42;56.6;55.81;55.83;52.37
344;55.9;53.88;54.26;51.74;57.33;50.4;56.59;55.38;55.43;52.26
345;55.78;53.83;54.15;51.71;57.27;50.35;56.59;55.28;55.31;52.18
346;55.71;53.81;53.84;51.64;57.22;50.28;56.58;55.2;55.04;52.1
347;55.61;53.75;53.54;51.59;57.15;50.23;56.57;55.11;55.01;52.05
348;55.57;53.7;53.33;51.44;57.01;50.0;56.49;54.86;54.92;51.73
349;55.55;53.64;53.28;51.35;56.96;49.97;56.49;54.79;54.84;51.67
350;55.42;53.61;53.23;51.33;56.91;49.76;56.46;54.67;54.83;51.57
351;55.33;53.55;53.19;51.32;56.81;49.68;56.46;54.61;54.76;51.51
352;55.17;53.5;52.99;51.3;56.77;49.63;56.35;54.48;54.75;51.52
353;55.09;53.44;52.92;51.27;56.68;49.61;56.26;54.33;54.68;51.32
354;55.03;53.4;52.88;51.22;56.63;49.5;56.18;54.28;54.63;51.26
355;54.61;53.38;52.84;51.16;56.59;49.45;56.2;54.12;54.57;51.21
356;54.47;53.35;52.86;51.11;56.54;49.37;56.18;54.11;54.56;51.15
357;54.19;53.26;52.81;50.98;56.48;49.33;56.19;54.06;54.55;51.03
358;53.99;53.23;52.73;50.95;56.47;49.25;56.15;54.0;54.47;50.98
359;53.74;53.19;52.61;50.9;56.4;49.2;56.16;53.79;54.2;50.91
360;53.77;53.11;52.53;50.65;56.36;49.15;56.13;53.74;54.15;50.84
361;53.74;53.1;52.45;50.59;56.29;49.08;56.11;53.67;54.07;50.78
362;53.42;53.06;52.39;50.56;56.2;49.0;56.05;53.57;54.11;50.73
363;53.39;53.01;52.2;50.53;56.13;48.95;55.84;53.38;53.99;50.62
364;53.37;52.98;52.14;50.41;56.05;48.91;55.81;53.21;53.99;50.56
365;53.38;52.92;52.08;50.32;56.0;48.88;55.8;53.23;53.94;50.51
366;53.12;52.89;52.03;50.12;55.96;48.86;55.78;53.15;53.96;50.48
367;52.87;52.78;52.01;50.03;55.89;48.83;55.75;53.06;53.92;50.4
368;52.8;52.76;51.84;49.95;55.8;48.8;55.73;52.96;53.88;50.35
369;52.49;52.74;51.78;49.88;55.68;48.78;55.66;52.86;53.86;50.31
370;52.39;52.67;51.72;49.81;55.52;48.76;55.61;52.78;53.84;50.27
371;52.27;52.56;51.7;49.76;55.41;48.75;55.59;52.73;53.81;50.24
372;51.97;52.49;51.63;49.64;55.29;48.57;55.6;52.64;53.76;50.21
373;51.88;52.26;51.5;49.6;55.25;48.52;55.53;52.57;53.7;50.17
374;51.78;52.23;51.47;49.53;55.2;48.49;55.29;52.62;53.54;50.13
375;51.72;52.2;51.43;49.45;55.17;48.45;55.19;52.57;53.49;50.09
376;51.68;52.12;51.4;49.35;54.84;48.4;55.12;52.5;53.48;50.03
377;51.61;52.08;51.13;49.32;54.79;48.37;55.03;52.43;53.36;49.97
378;51.53;51.71;50.92;49.27;54.76;48.34;54.86;52.45;53.34;49.91
379;51.27;51.63;50.67;49.18;54.66;48.22;54.8;52.37;53.31;49.88
380;51.22;51.6;50.49;49.13;54.25;48.15;54.75;52.3;53.25;49.83
381;51.15;51.53;50.44;49.09;54.06;48.14;54.68;51.85;53.09;49.8
382;51.13;51.43;50.31;48.95;53.98;48.11;54.65;51.73;53.05;49.76
383;51.03;51.38;50.28;48.87;53.94;48.02;54.62;51.66;53.03;49.75
384;51.01;51.32;50.04;48.76;53.92;48.0;54.59;51.49;53.02;49.61
385;51.0;51.26;49.88;48.73;53.89;47.96;54.54;51.41;53.0;49.59
386;50.9;51.21;49.74;48.67;53.82;47.93;54.51;51.4;52.89;49.51
387;50.89;51.19;49.7;48.59;53.56;47.88;54.39;51.28;52.83;49.49
388;50.85;51.15;49.67;48.47;53.18;47.84;54.37;51.09;52.78;49.45
389;50.83;51.17;49.58;48.38;52.89;47.81;54.35;51.04;52.7;49.4
390;50.67;51.11;49.42;48.34;52.74;47.79;54.28;50.98;52.65;49.37
391;50.6;50.99;49.36;48.27;52.67;47.7;54.28;50.94;52.62;49.32
392;50.57;50.84;49.34;48.22;52.53;47.68;54.27;50.93;52.58;49.28
393;50.54;50.79;49.3;48.19;52.43;47.66;54.27;50.89;52.54;49.26
394;50.48;50.81;49.19;48.17;52.35;47.63;54.27;50.88;52.48;49.18
395;50.48;50.68;49.16;48.13;52.24;47.6;54.25;50.8;52.1;49.12
396;50.5;50.54;49.13;48.1;52.2;47.56;54.23;50.68;52.04;49.11
397;50.44;50.48;49.08;48.09;52.16;47.52;54.2;50.49;52.01;49.09
398;50.29;50.46;49.01;48.05;52.12;47.51;54.21;50.36;51.92;49.03
399;50.23;50.28;48.99;48.01;52.08;47.49;54.15;50.04;51.9;48.96
400;50.19;50.24;48.96;47.98;51.86;47.33;54.15;49.96;51.85;48.85
401;50.13;50.09;48.94;47.96;51.57;47.29;54.13;49.76;51.82;48.82
402;50.14;50.03;48.82;47.92;51.24;47.15;54.11;49.49;51.79;48.76
403;50.09;49.98;48.71;47.8;51.01;47.12;54.03;49.37;51.77;48.72
404;50.03;49.9;48.51;47.69;50.98;47.1;54.01;49.31;51.7;48.68
405;49.83;49.85;48.46;47.65;50.91;47.05;53.97;49.09;51.63;48.57
406;49.7;49.8;48.43;47.62;50.65;47.02;53.95;49.02;51.57;48.54
407;49.64;49.77;48.43;47.56;50.61;47.01;53.93;48.98;51.38;48.46
408;49.59;49.73;48.26;47.52;50.54;46.95;53.9;48.99;51.32;48.38
409;49.55;49.69;48.09;47.47;50.45;46.98;53.82;48.93;51.29;48.32
410;49.49;49.63;48.07;47.45;50.34;46.98;53.81;48.86;51.25;48.29
411;49.44;49.6;48.06;47.43;50.23;46.95;53.81;48.82;51.22;48.24
412;49.42;49.56;48.04;47.39;50.14;46.92;53.81;48.76;51.1;48.21
413;49.36;49.52;48.01;47.32;50.05;46.87;53.81;48.74;51.0;48.18
414;49.34;49.47;47.99;47.15;50.02;46.84;53.74;48.64;50.98;48.15
415;49.31;49.38;47.89;47.11;49.94;46.8;53.67;48.53;51.01;48.1
416;49.27;49.34;47.86;46.98;49.87;46.79;53.5;48.49;50.99;48.07
417;49.25;49.23;47.85;46.94;49.82;46.78;53.34;48.45;50.97;48.04
418;49.25;49.13;47.67;46.91;49.75;46.78;53.31;48.4;50.92;48.02
419;49.19;48.99;47.63;46.88;49.68;46.74;53.15;48.26;50.9;47.92
420;49.14;48.96;47.59;46.85;49.66;46.69;53.12;48.22;50.88;47.9
421;49.09;48.93;47.42;46.61;49.58;46.67;53.1;48.1;50.85;47.85
422;48.97;48.79;47.4;46.32;49.56;46.68;53.07;48.07;50.87;47.83
423;48.87;48.73;47.33;46.24;49.3;46.53;53.04;48.05;50.85;47.82
424;48.79;48.66;47.19;46.16;49.12;46.52;53.02;48.0;50.81;47.79
425;48.7;48.59;47.13;46.09;48.93;46.49;53.01;47.97;50.78;47.78
426;48.67;48.49;47.09;46.01;48.85;46.44;52.99;47.96;50.79;47.76
427;48.6;48.39;47.04;45.93;48.83;46.32;52.95;47.91;50.78;47.73
428;48.58;48.31;46.99;45.84;48.81;46.24;52.94;47.87;50.72;47.7
429;48.54;48.23;46.93;45.77;48.79;46.21;52.92;47.77;50.51;47.66
430;48.51;48.2;46.95;45.71;48.78;46.13;52.9;47.74;50.21;47.61
431;48.49;48.16;46.89;45.63;48.68;46.02;52.82;47.71;50.18;47.57
432;48.45;48.08;46.74;45.56;48.64;46.0;52.74;47.63;50.09;47.54
433;48.43;48.03;46.68;45.5;48.49;45.98;52.73;47.54;50.06;47.47
434;48.3;47.96;46.58;45.43;48.46;45.97;52.68;47.51;50.03;47.45
435;48.27;47.9;46.53;45.37;48.4;45.86;52.44;47.48;50.0;47.42
436;48.21;47.86;46.44;45.32;48.37;45.87;52.38;47.47;49.98;47.25
437;48.18;47.73;46.3;45.25;48.21;45.84;52.33;47.45;49.96;47.21
438;48.08;47.58;46.24;45.22;48.16;45.77;52.34;47.38;49.94;47.17
439;48.05;47.52;46.21;45.15;48.15;45.72;52.26;47.31;49.81;47.12
440;48.02;47.36;46.19;45.07;48.13;45.59;52.25;47.22;49.76;47.09
441;47.98;47.27;46.08;44.96;48.12;45.53;52.21;47.2;49.55;47.06
442;47.92;47.22;46.04;44.9;48.1;45.47;52.19;47.11;49.4;46.97
443;47.86;47.18;46.0;44.86;48.05;45.42;52.17;47.07;49.34;46.92
444;47.85;47.15;45.77;44.55;47.9;45.36;52.13;47.05;49.29;46.85
445;47.81;47.03;45.7;44.34;47.89;45.31;52.12;46.92;49.01;46.8
446;47.76;46.69;45.65;44.29;47.87;45.2;51.92;46.91;48.95;46.77
447;47.72;46.6;45.57;44.35;47.86;44.9;51.9;46.88;48.92;46.75
448;47.7;46.56;45.54;44.19;47.57;44.85;51.88;46.84;48.9;46.72
449;47.59;46.49;45.46;43.98;47.28;44.79;51.84;46.82;48.88;46.65
450;47.54;46.22;45.4;43.93;47.23;44.75;51.84;46.79;48.77;46.6
451;47.52;46.19;45.39;43.85;47.18;44.72;51.79;46.72;48.65;46.54
452;47.44;45.97;45.31;43.8;47.08;44.56;51.74;46.69;48.53;46.39
453;47.42;45.89;45.28;43.76;46.97;44.54;51.64;46.58;48.43;46.37
454;47.38;45.74;45.18;43.77;46.85;44.51;51.55;46.54;48.3;46.35
455;47.35;45.71;44.98;43.64;46.81;44.41;51.51;46.52;48.19;46.34
456;47.27;45.67;44.9;43.59;46.8;44.37;51.3;46.5;48.1;46.32
457;47.21;45.47;44.82;43.56;46.78;44.32;51.29;46.46;47.89;46.22
458;47.21;45.37;44.74;43.44;46.74;44.3;51.29;46.44;47.71;46.21
459;47.16;45.3;44.7;43.42;46.62;44.26;51.28;46.41;47.71;46.18
460;47.07;45.25;44.68;43.4;46.58;44.21;51.24;46.39;47.62;46.16
461;47.03;45.23;44.58;43.37;46.57;44.19;51.13;46.35;47.45;46.12
462;47.0;45.17;44.51;43.35;46.55;44.05;51.14;46.33;47.38;46.08
463;46.93;45.15;44.39;43.33;46.54;43.92;51.13;46.27;47.26;46.06
464;46.91;45.1;44.38;43.3;46.51;43.84;51.1;46.18;47.22;46.03
465;46.84;45.04;44.33;43.26;46.45;43.75;51.08;46.13;47.13;46.02
466;46.79;44.98;44.2;43.27;46.4;43.73;51.07;46.11;47.09;45.98
467;46.77;44.92;44.15;43.23;46.33;43.69;51.07;46.08;47.05;45.95
468;46.69;44.87;44.07;43.12;46.3;43.68;51.08;46.06;46.99;45.93
469;46.55;44.76;44.05;43.07;46.25;43.64;50.94;46.04;46.98;45.92
470;46.48;44.71;44.05;42.99;45.98;43.62;50.9;46.02;46.87;45.89
471;46.42;44.66;43.98;42.97;45.9;43.56;50.83;45.99;46.8;45.87
472;46.3;44.57;43.92;42.95;45.74;43.5;50.8;45.98;46.74;45.85
473;45.99;44.52;43.86;42.79;45.52;43.46;50.75;45.93;46.67;45.83
474;45.72;44.49;43.82;42.68;45.41;43.44;50.71;45.7;46.51;45.8
475;45.64;44.42;43.81;42.61;45.26;43.43;50.7;45.67;46.47;45.78
476;45.59;44.37;43.74;42.6;45.2;43.4;50.66;45.65;46.4;45.62
477;45.34;44.32;43.68;42.57;44.98;43.39;50.61;45.61;46.37;45.3
478;45.3;44.26;43.69;42.55;44.91;43.27;50.56;45.58;46.35;45.19
479;45.27;44.22;43.68;42.49;44.86;43.25;50.53;45.51;46.3;45.1
480;45.11;44.18;43.63;42.47;44.64;43.24;50.53;45.47;46.17;45.04
481;44.96;44.14;43.58;42.43;44.47;43.17;50.5;45.35;46.19;44.86
482;44.91;44.1;43.57;42.25;44.33;43.12;50.05;45.27;46.1;44.81
483;44.88;44.01;43.53;42.22;44.27;43.11;50.03;45.21;45.98;44.76
484;44.69;43.98;43.54;42.19;44.23;43.06;49.62;45.18;45.95;44.6
485;44.63;43.94;43.47;42.11;44.18;43.02;49.58;45.16;45.88;44.56
486;44.44;43.91;43.4;42.06;44.11;43.03;49.53;45.13;45.86;44.42
487;44.39;43.83;43.39;42.03;44.07;42.97;49.5;45.09;45.72;44.26
488;44.18;43.8;43.36;42.03;43.97;42.94;49.36;44.89;45.69;44.22
489;44.13;43.68;43.23;42.01;43.94;42.88;49.3;44.86;45.63;44.09
490;44.08;43.65;43.2;41.96;43.8;42.81;49.23;44.85;45.62;43.95
491;44.01;43.62;43.17;41.91;43.77;42.77;49.16;44.84;45.61;43.77
492;43.96;43.49;43.12;41.81;43.75;42.72;49.13;44.82;45.57;43.65
493;43.92;43.41;42.99;41.79;43.6;42.62;49.07;44.73;45.55;43.53
494;43.88;43.36;42.94;41.77;43.56;42.57;48.91;44.57;45.35;43.42
495;43.84;43.3;42.89;41.68;43.48;42.52;48.72;44.56;45.35;43.37
496;43.75;43.3;42.87;41.64;43.45;42.5;48.51;44.33;45.34;43.28
497;43.71;43.31;42.86;41.61;43.4;42.49;48.4;44.19;45.31;43.27
498;43.65;43.22;42.8;41.56;43.38;42.5;48.35;44.15;45.21;43.19
499;43.47;43.12;42.76;41.47;43.25;42.45;48.17;43.99;45.11;43.17
